INSERT INTO office (office_id, name, location, contact_info) VALUES (1, 'Office 1', 'New York', 'contact1@example.com');
INSERT INTO office (office_id, name, location, contact_info) VALUES (2, 'Office 2', 'Los Angeles', 'contact2@example.com');
INSERT INTO office (office_id, name, location, contact_info) VALUES (3, 'Office 3', 'Chicago', 'contact3@example.com');
INSERT INTO office (office_id, name, location, contact_info) VALUES (4, 'Office 4', 'Houston', 'contact4@example.com');
INSERT INTO office (office_id, name, location, contact_info) VALUES (5, 'Office 5', 'Phoenix', 'contact5@example.com');

INSERT INTO car (car_id, model, color, size, year, plate_id, status, office_id, price_per_day) VALUES (1, 'Ford Focus', 'Black', 'Large', 2010, 'PLATE-001', 'ACTIVE', 4, 139.98);
INSERT INTO car (car_id, model, color, size, year, plate_id, status, office_id, price_per_day) VALUES (2, 'Honda Civic', 'Blue', 'Small', 2014, 'PLATE-002', 'RENTED', 3, 56.36);
INSERT INTO car (car_id, model, color, size, year, plate_id, status, office_id, price_per_day) VALUES (3, 'Chevrolet Malibu', 'Blue', 'Medium', 2005, 'PLATE-003', 'ACTIVE', 4, 146.8);
INSERT INTO car (car_id, model, color, size, year, plate_id, status, office_id, price_per_day) VALUES (4, 'Ford Focus', 'White', 'Medium', 2008, 'PLATE-004', 'ACTIVE', 3, 143.09);
INSERT INTO car (car_id, model, color, size, year, plate_id, status, office_id, price_per_day) VALUES (5, 'Ford Focus', 'Silver', 'Medium', 2015, 'PLATE-005', 'OUT OF SERVICE', 3, 122.18);
INSERT INTO car (car_id, model, color, size, year, plate_id, status, office_id, price_per_day) VALUES (6, 'Honda Civic', 'White', 'Small', 2006, 'PLATE-006', 'ACTIVE', 3, 123.97);
INSERT INTO car (car_id, model, color, size, year, plate_id, status, office_id, price_per_day) VALUES (7, 'Tesla Model 3', 'White', 'Small', 2022, 'PLATE-007', 'OUT OF SERVICE', 4, 109.75);
INSERT INTO car (car_id, model, color, size, year, plate_id, status, office_id, price_per_day) VALUES (8, 'Toyota Corolla', 'Silver', 'Medium', 2001, 'PLATE-008', 'ACTIVE', 3, 85.3);
INSERT INTO car (car_id, model, color, size, year, plate_id, status, office_id, price_per_day) VALUES (9, 'Tesla Model 3', 'Black', 'Small', 2012, 'PLATE-009', 'ACTIVE', 1, 141.31);
INSERT INTO car (car_id, model, color, size, year, plate_id, status, office_id, price_per_day) VALUES (10, 'Ford Focus', 'White', 'Small', 2010, 'PLATE-010', 'OUT OF SERVICE', 1, 65.92);
INSERT INTO car (car_id, model, color, size, year, plate_id, status, office_id, price_per_day) VALUES (11, 'Ford Focus', 'Blue', 'Small', 2009, 'PLATE-011', 'ACTIVE', 3, 120.8);
INSERT INTO car (car_id, model, color, size, year, plate_id, status, office_id, price_per_day) VALUES (12, 'Chevrolet Malibu', 'White', 'Medium', 2005, 'PLATE-012', 'ACTIVE', 2, 102.45);
INSERT INTO car (car_id, model, color, size, year, plate_id, status, office_id, price_per_day) VALUES (13, 'Ford Focus', 'Blue', 'Small', 2023, 'PLATE-013', 'ACTIVE', 3, 75.24);
INSERT INTO car (car_id, model, color, size, year, plate_id, status, office_id, price_per_day) VALUES (14, 'Chevrolet Malibu', 'Red', 'Medium', 2017, 'PLATE-014', 'ACTIVE', 1, 60.33);
INSERT INTO car (car_id, model, color, size, year, plate_id, status, office_id, price_per_day) VALUES (15, 'Chevrolet Malibu', 'Red', 'Small', 2022, 'PLATE-015', 'ACTIVE', 2, 90.44);
INSERT INTO car (car_id, model, color, size, year, plate_id, status, office_id, price_per_day) VALUES (16, 'Ford Focus', 'White', 'Large', 2020, 'PLATE-016', 'ACTIVE', 2, 135.96);
INSERT INTO car (car_id, model, color, size, year, plate_id, status, office_id, price_per_day) VALUES (17, 'Toyota Corolla', 'Silver', 'Small', 2023, 'PLATE-017', 'RENTED', 1, 140.83);
INSERT INTO car (car_id, model, color, size, year, plate_id, status, office_id, price_per_day) VALUES (18, 'Chevrolet Malibu', 'Blue', 'Large', 2022, 'PLATE-018', 'RENTED', 5, 70.84);
INSERT INTO car (car_id, model, color, size, year, plate_id, status, office_id, price_per_day) VALUES (19, 'Honda Civic', 'Red', 'Large', 2022, 'PLATE-019', 'ACTIVE', 4, 95.32);
INSERT INTO car (car_id, model, color, size, year, plate_id, status, office_id, price_per_day) VALUES (20, 'Toyota Corolla', 'White', 'Medium', 2012, 'PLATE-020', 'RENTED', 5, 56.63);

INSERT INTO admin (admin_id, username, email, password) VALUES (1, 'admin1', 'admin1@admin.com', 'password1');
INSERT INTO admin (admin_id, username, email, password) VALUES (2, 'admin2', 'admin2@admin.com', 'password2');
INSERT INTO admin (admin_id, username, email, password) VALUES (3, 'admin3', 'admin3@admin.com', 'password3');

INSERT INTO customer (customer_id, name, email, phone, address, password) VALUES (1, 'John Doe', 'john_doe@example.com', '555-8946', '315 Main St', 'pass1');
INSERT INTO customer (customer_id, name, email, phone, address, password) VALUES (2, 'Jane Smith', 'jane_smith@example.com', '555-9546', '907 Main St', 'pass2');
INSERT INTO customer (customer_id, name, email, phone, address, password) VALUES (3, 'Alice Johnson', 'alice_johnson@example.com', '555-8636', '516 Main St', 'pass3');
INSERT INTO customer (customer_id, name, email, phone, address, password) VALUES (4, 'Bob Brown', 'bob_brown@example.com', '555-7141', '667 Main St', 'pass4');
INSERT INTO customer (customer_id, name, email, phone, address, password) VALUES (5, 'Charlie Davis', 'charlie_davis@example.com', '555-6108', '943 Main St', 'pass5');

INSERT INTO reservation (reservation_id, customer_id, car_id, start_date, end_date) VALUES (1, 5, 1, '2023-02-21 05:09:35', '2023-03-09 04:24:14');
INSERT INTO reservation (reservation_id, customer_id, car_id, start_date, end_date) VALUES (2, 5, 14, '2023-06-19 18:52:26', '2023-07-08 18:24:27');
INSERT INTO reservation (reservation_id, customer_id, car_id, start_date, end_date) VALUES (3, 2, 14, '2023-02-28 23:43:46', '2023-03-09 17:56:34');
INSERT INTO reservation (reservation_id, customer_id, car_id, start_date, end_date) VALUES (4, 1, 13, '2023-02-23 11:20:09', '2023-03-22 11:10:55');
INSERT INTO reservation (reservation_id, customer_id, car_id, start_date, end_date) VALUES (5, 1, 16, '2023-09-09 14:34:36', '2023-10-05 22:24:48');
INSERT INTO reservation (reservation_id, customer_id, car_id, start_date, end_date) VALUES (6, 4, 2, '2023-04-09 19:05:26', '2023-04-13 03:34:20');
INSERT INTO reservation (reservation_id, customer_id, car_id, start_date, end_date) VALUES (7, 2, 3, '2023-05-22 02:14:24', '2023-05-28 16:32:43');
INSERT INTO reservation (reservation_id, customer_id, car_id, start_date, end_date) VALUES (8, 2, 16, '2023-09-08 10:19:17', '2023-10-01 10:20:47');
INSERT INTO reservation (reservation_id, customer_id, car_id, start_date, end_date) VALUES (9, 5, 9, '2023-05-20 06:17:21', '2023-05-27 04:39:56');
INSERT INTO reservation (reservation_id, customer_id, car_id, start_date, end_date) VALUES (10, 1, 4, '2023-07-28 01:31:20', '2023-08-06 05:09:47');
INSERT INTO reservation (reservation_id, customer_id, car_id, start_date, end_date) VALUES (11, 5, 13, '2023-08-30 11:17:16', '2023-08-31 20:43:38');
INSERT INTO reservation (reservation_id, customer_id, car_id, start_date, end_date) VALUES (12, 4, 6, '2023-01-06 14:28:59', '2023-02-04 23:51:10');
INSERT INTO reservation (reservation_id, customer_id, car_id, start_date, end_date) VALUES (13, 4, 7, '2023-10-15 09:16:41', '2023-11-12 01:06:59');
INSERT INTO reservation (reservation_id, customer_id, car_id, start_date, end_date) VALUES (14, 5, 18, '2023-11-29 23:19:11', '2023-12-18 23:16:11');
INSERT INTO reservation (reservation_id, customer_id, car_id, start_date, end_date) VALUES (15, 3, 10, '2023-06-19 13:38:08', '2023-07-12 03:59:20');

INSERT INTO payment (payment_id, reservation_id, payment_date, amount, card_id, card_cvv) VALUES (1, 1, '2023-07-16 06:52:38', 456.33, '0503844475229085', '186');
INSERT INTO payment (payment_id, reservation_id, payment_date, amount, card_id, card_cvv) VALUES (2, 2, '2023-02-25 15:56:10', 427.81, '9558370446991615', '753');
INSERT INTO payment (payment_id, reservation_id, payment_date, amount, card_id, card_cvv) VALUES (3, 3, '2023-03-12 00:09:54', 140.00, '2506811744495805', '870');
INSERT INTO payment (payment_id, reservation_id, payment_date, amount, card_id, card_cvv) VALUES (4, 4, '2023-06-12 02:26:34', 350.00, '4349059042929826', '722');
INSERT INTO payment (payment_id, reservation_id, payment_date, amount, card_id, card_cvv) VALUES (5, 5, '2023-07-28 06:03:22', 440.61, '9251557546865420', '248');
INSERT INTO payment (payment_id, reservation_id, payment_date, amount, card_id, card_cvv) VALUES (6, 6, '2023-10-29 21:00:45', 373.41, '7894601672423960', '824');
INSERT INTO payment (payment_id, reservation_id, payment_date, amount, card_id, card_cvv) VALUES (7, 7, '2023-02-25 15:43:54', 259.00, '4399398235948349', '121');
INSERT INTO payment (payment_id, reservation_id, payment_date, amount, card_id, card_cvv) VALUES (8, 8, '2023-09-18 18:40:03', 290.00, '8886438207193380', '656');
INSERT INTO payment (payment_id, reservation_id, payment_date, amount, card_id, card_cvv) VALUES (9, 9, '2023-03-14 01:37:06', 422.92, '1781031229674239', '753');
INSERT INTO payment (payment_id, reservation_id, payment_date, amount, card_id, card_cvv) VALUES (10, 10, '2023-08-27 15:56:42', 386.34, '2545619806302416', '429');
INSERT INTO payment (payment_id, reservation_id, payment_date, amount, card_id, card_cvv) VALUES (11, 11, '2023-07-12 21:40:39', 480.00, '8889105751430688', '498');
INSERT INTO payment (payment_id, reservation_id, payment_date, amount, card_id, card_cvv) VALUES (12, 12, '2023-03-10 02:28:07', 460.54, '6460472429725067', '258');
INSERT INTO payment (payment_id, reservation_id, payment_date, amount, card_id, card_cvv) VALUES (13, 13, '2023-05-08 16:33:19', 393.49, '0659346159766241', '949');
INSERT INTO payment (payment_id, reservation_id, payment_date, amount, card_id, card_cvv) VALUES (14, 14, '2023-12-13 03:31:47', 387.53, '2091919602448637', '323');
INSERT INTO payment (payment_id, reservation_id, payment_date, amount, card_id, card_cvv) VALUES (15, 15, '2023-04-11 22:01:30', 367.63, '9558376259479587', '998');

INSERT INTO pickup (pickup_id, reservation_id, pickup_date, pickup_location_id) VALUES (1, 1, '2023-01-07 08:45:47', 1);
INSERT INTO pickup (pickup_id, reservation_id, pickup_date, pickup_location_id) VALUES (2, 2, '2023-06-25 07:48:06', 4);
INSERT INTO pickup (pickup_id, reservation_id, pickup_date, pickup_location_id) VALUES (3, 3, '2023-12-06 20:40:02', 4);
INSERT INTO pickup (pickup_id, reservation_id, pickup_date, pickup_location_id) VALUES (4, 4, '2023-08-31 13:48:02', 1);
INSERT INTO pickup (pickup_id, reservation_id, pickup_date, pickup_location_id) VALUES (5, 5, '2023-04-15 00:05:52', 1);
INSERT INTO pickup (pickup_id, reservation_id, pickup_date, pickup_location_id) VALUES (6, 6, '2023-08-11 19:00:34', 5);
INSERT INTO pickup (pickup_id, reservation_id, pickup_date, pickup_location_id) VALUES (7, 7, '2023-11-15 05:45:17', 3);
INSERT INTO pickup (pickup_id, reservation_id, pickup_date, pickup_location_id) VALUES (8, 8, '2023-02-21 03:00:47', 1);
INSERT INTO pickup (pickup_id, reservation_id, pickup_date, pickup_location_id) VALUES (9, 9, '2023-11-25 12:07:35', 1);
INSERT INTO pickup (pickup_id, reservation_id, pickup_date, pickup_location_id) VALUES (10, 10, '2023-06-03 15:11:00', 1);
INSERT INTO pickup (pickup_id, reservation_id, pickup_date, pickup_location_id) VALUES (11, 11, '2023-03-28 22:23:08', 5);
INSERT INTO pickup (pickup_id, reservation_id, pickup_date, pickup_location_id) VALUES (12, 12, '2023-04-24 09:22:56', 1);
INSERT INTO pickup (pickup_id, reservation_id, pickup_date, pickup_location_id) VALUES (13, 13, '2023-03-12 08:05:51', 2);
INSERT INTO pickup (pickup_id, reservation_id, pickup_date, pickup_location_id) VALUES (14, 14, '2023-02-18 06:33:18', 2);
INSERT INTO pickup (pickup_id, reservation_id, pickup_date, pickup_location_id) VALUES (15, 15, '2023-07-04 04:10:20', 2);

INSERT INTO `return` (return_id, reservation_id, return_date, return_location_id) VALUES (1, 1, '2023-10-30 02:48:07', 4);
INSERT INTO `return` (return_id, reservation_id, return_date, return_location_id) VALUES (2, 2, '2023-05-18 11:33:06', 3);
INSERT INTO `return` (return_id, reservation_id, return_date, return_location_id) VALUES (3, 3, '2023-12-28 20:10:23', 5);
INSERT INTO `return` (return_id, reservation_id, return_date, return_location_id) VALUES (4, 4, '2023-09-01 06:54:00', 3);
INSERT INTO `return` (return_id, reservation_id, return_date, return_location_id) VALUES (5, 5, '2023-05-10 20:03:25', 3);
INSERT INTO `return` (return_id, reservation_id, return_date, return_location_id) VALUES (6, 6, '2023-06-20 08:16:20', 2);
INSERT INTO `return` (return_id, reservation_id, return_date, return_location_id) VALUES (7, 7, '2023-05-19 23:57:30', 2);
INSERT INTO `return` (return_id, reservation_id, return_date, return_location_id) VALUES (8, 8, '2023-10-23 21:35:19', 2);
INSERT INTO `return` (return_id, reservation_id, return_date, return_location_id) VALUES (9, 9, '2023-10-03 20:23:48', 4);
INSERT INTO `return` (return_id, reservation_id, return_date, return_location_id) VALUES (10, 10, '2023-12-12 02:57:22', 3);
INSERT INTO `return` (return_id, reservation_id, return_date, return_location_id) VALUES (11, 11, '2023-07-23 07:51:10', 1);
INSERT INTO `return` (return_id, reservation_id, return_date, return_location_id) VALUES (12, 12, '2023-08-14 22:07:05', 2);
INSERT INTO `return` (return_id, reservation_id, return_date, return_location_id) VALUES (13, 13, '2023-05-05 07:28:47', 3);
INSERT INTO `return` (return_id, reservation_id, return_date, return_location_id) VALUES (14, 14, '2023-12-27 04:27:37', 3);
INSERT INTO `return` (return_id, reservation_id, return_date, return_location_id) VALUES (15, 15, '2023-07-23 18:35:11', 1);